val_loss,eff,pur,current_lr,epoch,step,train_loss
0.006474409252405167,0.9822182059288025,0.016838843002915382,0.0001250000059371814,0,79,
,,,,0,79,0.010109109804034233
0.0049145277589559555,0.9591309428215027,0.029155075550079346,0.0002500000118743628,1,159,
,,,,1,159,0.009432051330804825
