val_loss,auc,eff,pur,current_lr,epoch,step,train_loss
0.7986502647399902,0.7566538470840378,0.7915763258934021,0.5896722078323364,0.0001999999803956598,0,79,
,,,,,0,79,0.8298351168632507
0.7672246694564819,0.7842187836470267,0.7759956121444702,0.6312581896781921,0.0003999999607913196,1,159,
,,,,,1,159,0.7808386087417603
0.7486715912818909,0.8053583969101371,0.7330813407897949,0.6845194697380066,0.0005999999702908099,2,239,
,,,,,2,239,0.7736771702766418
