val_loss,auc,eff,pur,current_lr,epoch,step,train_loss
0.8001343011856079,0.755535059057304,0.7998260259628296,0.5836363434791565,0.0001999999803956598,0,79,
,,,,,0,79,0.8259862661361694
0.7857803702354431,0.7705270177324788,0.7354432940483093,0.6383844614028931,0.0003999999607913196,1,159,
,,,,,1,159,0.7805697917938232
0.6929665207862854,0.8295724320138357,0.848297119140625,0.6406793594360352,0.0005999999702908099,2,239,
,,,,,2,239,0.7276753187179565
0.6493584513664246,0.8548324304816288,0.8875020146369934,0.6499910950660706,0.0007999999215826392,3,319,
,,,,,3,319,0.678153932094574
