val_loss,auc,eff,pur,current_lr,epoch,step,train_loss
0.7996184229850769,0.755710638374685,0.7834004163742065,0.5927830934524536,0.0001999999803956598,0,79,
,,,,,0,79,0.8260012865066528
