val_loss,eff,pur,current_lr,epoch,step,train_loss
0.004960405174642801,0.9880717396736145,0.024074867367744446,0.0001250000059371814,0,70,
,,,,0,70,0.010752571746706963
0.004608196206390858,0.9328046441078186,0.06308796256780624,0.0002500000118743628,1,141,
,,,,1,141,0.009728399105370045
